{"total_loss":0.9221541285514832,"_runtime":548.398643669,"_step":424,"_timestamp":1.730100106258734e+09,"_wandb":{"runtime":619},"diffusion_loss":0.9221541285514832,"lr":8.48e-07,"template_loss":0}